EN711,2024-01-31T00:00:00.0000000,2024-02-01T00:00:00.0000000
EN712,2024-02-09T00:00:00.0000000,2024-02-14T00:00:00.0000000
EN713,2024-03-20T00:00:00.0000000,2024-03-21T00:00:00.0000000
EN714,2024-04-21T00:00:00.0000000,2024-04-28T00:00:00.0000000
EN715,2024-05-03T00:00:00.0000000,2024-05-09T00:00:00.0000000
EN716,2024-05-20T00:00:00.0000000,2024-05-22T00:00:00.0000000
EN717,2024-06-07T00:00:00.0000000,2024-06-09T00:00:00.0000000
EN718,2024-06-18T00:00:00.0000000,2024-06-23T00:00:00.0000000
EN719,2024-07-09T00:00:00.0000000,2024-07-30T00:00:00.0000000
EN720,2024-09-06T00:00:00.0000000,2024-09-12T00:00:00.0000000
EN721,2024-09-18T00:00:00.0000000,2024-10-07T00:00:00.0000000
EN723,2024-10-20T00:00:00.0000000,2024-10-28T00:00:00.0000000
EN724,2024-12-07T00:00:00.0000000,2024-12-10T00:00:00.0000000
EN725,2024-12-12T00:00:00.0000000,2024-12-18T00:00:00.0000000
EN726,2024-12-18T00:00:00.0000000,2024-12-21T00:00:00.0000000
EN727,2025-01-24T00:00:00.0000000,2025-01-28T00:00:00.0000000
EN728a,2025-03-24T00:00:00.0000000,2025-03-26T00:00:00.0000000
EN728b,2025-03-29T00:00:00.0000000,2025-04-19T00:00:00.0000000
EN728c,2025-04-21T00:00:00.0000000,2025-04-23T00:00:00.0000000
EN729,2025-05-05T00:00:00.0000000,2025-05-09T00:00:00.0000000
EN730,2025-05-16T00:00:00.0000000,2025-05-18T00:00:00.0000000
EN731,2025-05-23T00:00:00.0000000,2025-06-06T00:00:00.0000000
EN732,2025-06-12T00:00:00.0000000,2025-06-30T00:00:00.0000000
EN733,2025-07-07T00:00:00.0000000,2025-07-13T00:00:00.0000000
EN734,2025-07-22T00:00:00.0000000,2025-08-14T00:00:00.0000000
EN735,2025-08-20T00:00:00.0000000,2025-08-22T00:00:00.0000000
